BETA,Q10_RH,NPP_FLUX0,AERO_SCALE,ECS,DIFFUSIVITY
0.16,1.509943774,55.94673317,0.5,2.74238677,2.388539563